t,stage,free_pct,swap_used_mb,avail_mb,wired_mb,active_mb,compressor_mb,pageouts,swapouts,rss_comfy_mb,rss_ollama_serve_mb,rss_ollama_model_mb,rss_piper_mb,rss_ffmpeg_mb,foot_comfy_mb,foot_ollama_model_mb,foot_piper_mb,foot_ffmpeg_mb
0.0,,53,2532.06,2104,1417,2042,2087,368147,7822207,0,11,0,0,0,0,0,0,0
2.0,,52,2532.06,2078,1440,1998,2135,368147,7822207,0,11,0,0,0,0,0,0,0
4.1,,51,2532.06,1992,1445,1942,2255,368150,7822207,0,11,0,0,0,0,0,0,0
6.2,,48,2532.06,1903,1453,1821,2469,368151,7822207,0,8,0,0,0,0,0,0,0
8.2,,48,2532.06,1882,1436,1822,2505,368189,7822207,0,35,0,0,0,0,0,0,0
10.3,,11,3265.94,486,3392,432,3312,368451,7869739,0,6,1587,0,0,0,3082,0,0
14.6,,22,4265.75,876,3974,834,1947,368484,7934187,0,31,2430,0,0,0,3099,0,0
16.8,,19,4249.75,793,3979,748,2111,368508,7934187,0,6,2389,0,0,0,3099,0,0
19.0,,18,4249.75,749,4062,700,2121,368563,7934187,0,4,2387,0,0,0,3099,0,0
21.3,,18,4297.19,753,4042,708,2128,368720,7937735,0,8,2381,0,0,0,3154,0,0
23.5,,18,4387.88,732,4141,708,2049,368836,7944563,0,4,2387,0,0,0,3154,0,0
26.0,,19,4363.56,770,4082,727,2053,368964,7945567,0,3,2387,0,0,0,3154,0,0
28.2,,20,4363.56,814,3986,763,2070,369013,7945567,0,5,2415,0,0,0,3158,0,0
30.4,,18,4397.44,739,4168,692,2032,369123,7948247,0,4,2387,0,0,0,3158,0,0
32.7,,19,4420.44,783,4099,725,2031,369240,7950231,0,4,2388,0,0,0,3159,0,0
35.1,,18,4449.56,724,4158,673,2074,369357,7963339,0,4,2387,0,0,0,3159,0,0
37.9,,18,4570.19,717,4247,671,1995,369608,7973643,0,3,2387,0,0,0,3159,0,0
40.5,,19,4562.75,764,4177,720,1971,369725,7974703,0,4,2387,0,0,0,3159,0,0
42.8,,18,4546.75,767,4164,688,2011,369816,7974703,0,4,2387,0,0,0,3159,0,0
45.1,,19,4532.06,786,4020,739,2086,369908,7974787,0,4,2388,0,0,0,3159,0,0
47.4,,19,4446.5,778,3998,734,2122,370022,7975455,0,4,2387,0,0,0,3159,0,0
49.6,,23,4422.38,899,3999,858,1874,370072,7975959,0,4,2407,0,0,0,2845,0,0
51.8,,22,4422.38,895,4037,850,1847,370114,7975959,0,4,2411,0,0,0,2850,0,0
54.1,,58,4414.38,3695,1584,832,1534,370207,7975959,0,37,0,0,0,0,0,0,0
56.1,,60,4406.38,3491,1546,1150,1465,370207,7975959,161,37,0,0,0,136,0,0,0
58.2,,61,4398.38,3380,1492,1348,1430,370207,7975959,274,37,0,0,0,225,0,0,0
60.3,,61,4398.38,3266,1494,1483,1416,370207,7975959,340,37,0,0,0,292,0,0,0
62.4,,61,4390.38,3160,1506,1593,1400,370207,7975959,401,37,0,0,0,340,0,0,0
64.6,,61,4390.38,3077,1509,1697,1370,370207,7975959,456,37,0,0,0,389,0,0,0
66.7,,62,4382.38,3006,1509,1774,1365,370207,7975959,532,37,0,0,0,448,0,0,0
68.9,,20,4897.0,966,3598,625,2440,370409,8008959,39,3,0,0,0,2662,0,0,0
71.2,,31,5867.75,1253,1532,1196,3652,370469,8077167,677,1,0,0,0,3369,0,0,0
73.5,,20,6096.56,801,3755,757,2318,370490,8098639,234,1,0,0,0,3401,0,0,0
75.8,,20,6331.56,790,3784,726,2330,370526,8129123,238,1,0,0,0,3424,0,0,0
78.3,,20,6444.5,807,3761,750,2313,370550,8163751,107,1,0,0,0,3427,0,0,0
80.5,,24,6594.94,993,2905,901,2830,370574,8197531,68,1,0,0,0,3433,0,0,0
83.0,,25,6806.44,996,2793,950,2892,370616,8223779,118,1,0,0,0,3441,0,0,0
85.5,,15,7449.5,633,5053,557,1389,370734,8270567,80,1,0,0,0,4609,0,0,0
87.8,,15,7459.56,610,5078,561,1383,370771,8274795,70,1,0,0,0,4608,0,0,0
90.1,,15,7427.56,612,5050,568,1396,370776,8274795,101,1,0,0,0,4611,0,0,0
92.4,,15,7427.56,620,5054,569,1388,370777,8274795,92,1,0,0,0,4611,0,0,0
94.7,,15,7419.56,626,5014,582,1409,370797,8274795,100,1,0,0,0,4610,0,0,0
97.0,,15,7402.44,639,4985,556,1451,370855,8275747,86,1,0,0,0,4608,0,0,0
99.3,,20,7386.44,848,4196,756,1833,370871,8275747,89,1,0,0,0,4563,0,0,0
101.6,,24,7378.44,955,3884,905,1886,370873,8275747,95,1,0,0,0,4610,0,0,0
103.8,,27,7338.44,1032,3920,1022,1640,370876,8275747,90,1,0,0,0,4564,0,0,0
106.3,,14,7365.62,574,4945,527,1584,370890,8283119,41,1,0,0,0,4572,0,0,0
108.6,,15,7374.44,629,4973,561,1469,370925,8285731,44,1,0,0,0,4607,0,0,0
110.9,,31,7174.44,1459,3906,959,1329,370925,8285731,150,1,0,0,0,3360,0,0,0
113.1,,36,7094.38,1457,3812,1325,1044,370933,8285731,202,1,0,0,0,2966,0,0,0
115.3,,37,6950.38,1414,2814,1407,1997,371011,8285731,376,1,0,0,0,2879,0,0,0
117.7,,39,7916.0,1528,1486,1490,3126,371054,8363411,433,1,0,0,0,3249,0,0,0
120.1,,46,5779.88,2177,2049,1423,1983,371059,8397568,427,1,0,0,0,3460,0,0,0
122.3,,40,5321.88,1582,2559,1541,1948,371069,8414921,353,1,0,0,0,3460,0,0,0
124.6,,26,5760.56,1042,2620,1000,2970,371090,8470458,67,1,0,0,0,3461,0,0,0
126.9,,20,5800.81,820,3706,767,2339,371110,8494538,118,1,0,0,0,3469,0,0,0
129.1,,19,5803.06,790,3821,734,2287,371112,8519354,164,1,0,0,0,3481,0,0,0
131.4,,14,6653.81,611,4918,512,1615,371146,8592650,79,1,0,0,0,4632,0,0,0
134.4,,13,6713.75,564,4988,518,1560,371149,8624654,42,1,0,0,0,4629,0,0,0
136.8,,16,6822.69,672,5095,627,1236,371244,8644426,67,1,0,0,0,4633,0,0,0
139.2,,17,6758.69,709,4926,672,1323,371336,8644426,60,1,0,0,0,4631,0,0,0
141.8,,20,6920.31,791,5033,759,1045,371395,8657330,71,1,0,0,0,4630,0,0,0
144.2,,20,6896.31,942,4935,551,1204,371475,8657330,88,1,0,0,0,4634,0,0,0
146.4,,28,6864.31,1101,3875,1052,1605,371522,8657330,97,1,0,0,0,4634,0,0,0
148.7,,28,6832.31,1099,3809,1048,1675,371560,8657330,91,1,0,0,0,4634,0,0,0
151.0,,28,6824.31,1135,3806,1094,1597,371582,8657330,100,1,0,0,0,4595,0,0,0
153.3,,18,6744.31,748,4866,696,1322,371614,8657330,91,1,0,0,0,4634,0,0,0
155.5,,18,6744.31,756,4861,694,1322,371638,8657330,75,1,0,0,0,4584,0,0,0
157.8,,33,6552.31,1524,3850,1045,1238,371653,8657330,155,1,0,0,0,3557,0,0,0
160.1,,49,5279.25,1928,2768,1871,1069,371684,8660760,425,1,0,0,0,3065,0,0,0
162.3,,17,5413.19,742,3588,698,2602,371685,8686670,27,1,0,0,0,2984,0,0,0
164.6,,32,6269.94,1267,1442,1222,3700,371703,8752298,476,1,0,0,0,3336,0,0,0
166.8,,45,6133.5,2095,1495,1420,2623,371715,8772250,459,1,0,0,0,3526,0,0,0
169.1,,33,5725.5,1230,2548,1179,2675,371728,8772250,234,1,0,0,0,3527,0,0,0
171.5,,26,6360.25,1035,2554,994,3033,371732,8825210,87,1,0,0,0,3528,0,0,0
173.7,,21,6475.75,845,3642,801,2343,371764,8848950,91,1,0,0,0,3532,0,0,0
176.0,,21,6494.19,840,3661,793,2336,371797,8871122,97,1,0,0,0,3532,0,0,0
178.2,,20,6483.0,809,3723,753,2345,371893,8890438,81,10,0,0,0,3534,0,0,0
180.6,,8,6945.12,351,3747,302,3231,371988,8932862,47,1,0,0,0,4561,0,0,0
183.4,,28,7249.19,1045,2736,934,2914,372009,8965594,57,1,0,0,0,4583,0,0,0
185.8,,13,7365.69,563,4969,521,1577,372060,8983766,99,1,0,0,0,4653,0,0,0
188.3,,14,7384.56,543,5000,532,1556,372095,8988558,54,1,0,0,0,4623,0,0,0
190.7,,13,7412.44,559,5014,515,1546,372140,8996486,94,1,0,0,0,4653,0,0,0
193.0,,14,7414.12,580,5007,535,1510,372163,9001714,83,1,0,0,0,4653,0,0,0
195.4,,29,7176.81,1186,3867,1124,1455,372219,9005470,121,1,0,0,0,3361,0,0,0
197.7,,49,6992.81,2147,2702,1656,1136,372313,9005470,394,1,0,0,0,1941,0,0,0
200.0,,26,7728.19,1042,2568,992,3029,372439,9053046,25,1,0,0,0,3037,0,0,0
203.2,,32,8092.25,1257,1497,1203,3673,372450,9101010,219,1,0,0,0,3353,0,0,0
205.6,,45,5720.0,2021,1837,1445,2328,372483,9110294,524,1,0,0,0,3537,0,0,0
207.9,,44,5335.12,1454,2663,1415,2100,372520,9125663,408,1,0,0,0,3538,0,0,0
210.3,,19,5378.0,821,3535,737,2538,372546,9168803,15,1,0,0,0,3538,0,0,0
212.5,,27,5751.81,1065,2431,1021,3111,372630,9204179,29,1,0,0,0,3538,0,0,0
214.9,,26,6122.69,1128,2627,930,2945,372670,9246863,27,1,0,0,0,3538,0,0,0
217.1,,25,5970.75,1003,3703,966,1959,372817,9255059,85,1,0,0,0,3543,0,0,0
219.4,,20,5774.0,814,3686,748,2382,372884,9268563,85,1,0,0,0,3543,0,0,0
221.8,,20,5767.25,811,3712,766,2343,372902,9288631,110,1,0,0,0,3545,0,0,0
224.0,,20,5749.69,806,3743,758,2323,372909,9309267,113,1,0,0,0,3545,0,0,0
226.5,,8,6241.0,371,3815,333,3108,373017,9356439,50,1,0,0,0,4637,0,0,0
229.4,,19,6639.75,783,4025,739,2084,373023,9396699,88,1,0,0,0,4632,0,0,0
231.8,,19,6672.88,788,3842,746,2256,373076,9406499,82,1,0,0,0,4630,0,0,0
234.2,,26,6614.5,1009,3805,991,1807,373176,9407883,94,1,0,0,0,4627,0,0,0
236.7,,19,6654.25,735,3892,720,2265,373215,9420495,66,1,0,0,0,4622,0,0,0
239.5,,16,6739.0,681,4930,619,1403,373261,9433259,77,1,0,0,0,4635,0,0,0
241.8,,14,6723.0,608,5003,563,1458,373311,9433259,41,1,0,0,0,4629,0,0,0
244.2,,15,6675.0,613,4957,567,1496,373375,9433259,41,1,0,0,0,4674,0,0,0
246.6,,13,6684.5,555,5031,512,1532,373486,9435403,36,1,0,0,0,4669,0,0,0
248.9,,13,6691.88,563,5057,517,1496,373520,9436387,64,1,0,0,0,4673,0,0,0
251.2,,15,6696.12,641,4975,590,1425,373530,9437171,92,1,0,0,0,4674,0,0,0
253.5,,48,6496.12,2619,2779,925,1339,373554,9437171,148,1,0,0,0,3602,0,0,0
255.8,,33,6472.12,1444,3794,1183,1246,373554,9437171,162,1,0,0,0,3110,0,0,0
258.0,,40,6304.12,1571,2710,1526,1824,373574,9437171,427,1,0,0,0,1982,0,0,0
260.2,,40,7139.94,1569,1479,1535,3047,373633,9498343,221,1,0,0,0,3149,0,0,0
262.8,,32,7386.31,1278,1467,1231,3655,373635,9533575,587,1,0,0,0,3461,0,0,0
265.1,,44,5368.0,1840,1604,1592,2600,373655,9557051,344,1,0,0,0,3541,0,0,0
267.4,,39,4984.5,1552,2498,1497,2096,373681,9573529,235,1,0,0,0,3542,0,0,0
269.6,,26,5482.62,1066,2478,1015,3074,373744,9618001,37,1,0,0,0,3543,0,0,0
271.9,,19,5768.62,785,3815,745,2281,373761,9655801,67,1,0,0,0,3543,0,0,0
274.2,,20,5785.94,814,3720,761,2334,373866,9690157,72,1,0,0,0,3547,0,0,0
276.6,,19,5828.5,790,3824,748,2269,373905,9720585,49,1,0,0,0,3547,0,0,0
278.9,,20,5695.44,842,3600,784,2405,373937,9727477,47,1,0,0,0,3547,0,0,0
281.2,,20,5639.12,833,3628,776,2393,373946,9742769,73,1,0,0,0,3547,0,0,0
283.4,,20,5593.81,821,3673,774,2365,373952,9760861,81,1,0,0,0,3551,0,0,0
285.7,,20,5611.69,810,3732,765,2324,373962,9778901,95,1,0,0,0,3551,0,0,0
287.9,,10,6241.94,430,3792,362,3047,373992,9839365,85,1,0,0,0,4586,0,0,0
290.4,,14,6503.06,576,4901,523,1630,374006,9865325,103,1,0,0,0,4669,0,0,0
292.7,,14,6506.25,567,4939,517,1607,374098,9877721,95,1,0,0,0,4670,0,0,0
295.6,,14,6562.75,577,4937,532,1584,374201,9886373,99,1,0,0,0,4669,0,0,0
298.2,,59,6381.06,3618,1574,961,1517,374293,9889593,141,12,0,0,0,2544,0,0,0
301.2,,62,6181.06,3043,1414,1766,1450,374293,9889593,503,12,0,0,0,1482,0,0,0
303.7,,48,5717.0,1866,2637,1817,1316,374335,9889593,627,12,0,0,0,2336,0,0,0
306.0,,37,5251.44,1446,2665,1397,2111,374371,9896684,491,3,0,0,0,2336,0,0,0
308.3,,19,5646.12,812,3691,733,2395,374513,9951575,77,1,0,0,0,3360,0,0,0
310.7,,20,5606.19,812,3678,758,2384,374569,9966431,74,1,0,0,0,3360,0,0,0
312.9,,21,5539.25,833,3601,785,2413,374589,9985103,97,1,0,0,0,3360,0,0,0
315.2,,20,5579.81,814,3679,769,2366,374625,10013927,101,1,0,0,0,3416,0,0,0
317.5,,14,6441.31,603,4815,555,1657,374676,10076119,88,1,0,0,0,4543,0,0,0
320.1,,15,6458.69,612,4783,566,1671,374734,10082351,100,1,0,0,0,4543,0,0,0
322.4,,14,6458.62,593,4790,551,1694,374817,10091051,52,1,0,0,0,4543,0,0,0
324.7,,14,6478.69,588,4836,537,1668,374867,10097967,93,1,0,0,0,4542,0,0,0
327.2,,42,6291.19,2255,2816,1045,1549,374888,10100303,148,1,0,0,0,2545,0,0,0
329.4,,69,6107.19,4057,1469,1238,871,374888,10100303,0,1,0,108,0,0,0,138,0
331.5,,70,6075.19,3964,1413,1403,861,374888,10100303,0,1,0,37,0,0,0,36,0
333.6,,70,6051.19,3775,1413,1622,832,374888,10100303,0,1,0,36,0,0,0,36,0
335.7,,69,6035.19,3297,1501,2023,822,374888,10100303,0,8,0,0,275,0,0,0,251
337.9,,69,6019.19,3080,1505,2245,814,374888,10100303,0,8,0,0,426,0,0,0,407
340.1,,69,6011.19,3058,1502,2274,815,374888,10100303,0,8,0,0,418,0,0,0,389
342.2,,70,5995.19,3261,1414,2163,820,374888,10100303,0,8,0,0,0,0,0,0,0
344.3,,69,5931.19,2996,1557,2330,777,374888,10100303,0,8,0,0,0,0,0,0,0
346.4,,70,5851.12,2947,1446,2481,798,374888,10100303,0,8,0,0,0,0,0,0,0
348.5,,70,5843.12,2912,1446,2514,799,374888,10100303,0,8,0,0,0,0,0,0,0
350.5,,70,5835.12,2909,1429,2539,799,374888,10100303,0,8,0,0,0,0,0,0,0
352.6,,70,5835.12,2865,1464,2558,790,374888,10100303,0,8,0,0,0,0,0,0,0
354.6,,70,5819.12,2841,1454,2597,789,374888,10100303,0,8,0,0,0,0,0,0,0
356.7,,70,5795.06,2817,1446,2669,752,374888,10100303,0,8,0,0,0,0,0,0,0
358.7,,71,5795.06,2802,1447,2684,754,374888,10100303,0,8,0,0,0,0,0,0,0
360.8,,72,5795.06,2932,1444,2692,616,374888,10100303,0,8,0,0,0,0,0,0,0
362.9,,72,5795.06,2920,1444,2699,619,374888,10100303,0,8,0,0,0,0,0,0,0
364.9,,72,5787.06,2906,1444,2709,619,374888,10100303,0,8,0,0,0,0,0,0,0
367.0,,72,5787.06,2894,1443,2723,620,374888,10100303,0,8,0,0,0,0,0,0,0
369.0,,72,5779.06,2882,1443,2731,622,374888,10100303,0,8,0,0,0,0,0,0,0
371.1,,72,5779.06,2872,1443,2741,623,374888,10100303,0,8,0,0,0,0,0,0,0
373.2,,72,5771.06,2865,1444,2747,624,374888,10100303,0,8,0,0,0,0,0,0,0
375.2,,72,5771.06,2864,1443,2748,625,374888,10100303,0,8,0,0,0,0,0,0,0
377.3,,72,5771.06,2880,1443,2750,610,374888,10100303,0,8,0,0,0,0,0,0,0
379.4,,72,5763.06,2866,1442,2769,605,374888,10100303,0,8,0,0,0,0,0,0,0
381.4,,72,5763.06,2867,1441,2757,609,374888,10100303,0,8,0,0,0,0,0,0,0
383.5,,73,5755.06,2867,1441,2765,602,374888,10100303,0,8,0,0,0,0,0,0,0
385.6,,73,5747.06,2880,1441,2748,604,374888,10100303,0,8,0,0,0,0,0,0,0
387.6,,73,5747.06,2893,1441,2737,605,374888,10100303,0,8,0,0,0,0,0,0,0
389.7,,73,5747.06,2898,1441,2714,606,374888,10100303,0,8,0,0,0,0,0,0,0
391.8,,73,5739.06,2893,1441,2717,607,374888,10100303,0,8,0,0,0,0,0,0,0
393.8,,73,5739.06,2890,1441,2719,608,374888,10100303,0,8,0,0,0,0,0,0,0
395.9,,72,5731.06,2890,1441,2720,610,374888,10100303,0,8,0,0,0,0,0,0,0
398.0,,72,5731.06,2882,1441,2722,614,374888,10100303,0,8,0,0,0,0,0,0,0
400.0,,72,5731.06,2880,1441,2723,614,374888,10100303,0,8,0,0,0,0,0,0,0
402.1,,72,5731.06,2880,1441,2724,615,374888,10100303,0,8,0,0,0,0,0,0,0
404.2,,72,5731.06,2877,1441,2725,615,374888,10100303,0,8,0,0,0,0,0,0,0
406.2,,72,5675.06,2819,1489,2738,611,374890,10100303,0,8,0,0,0,0,0,0,0
408.3,,72,5627.06,2807,1476,2736,635,374895,10100303,0,8,0,0,0,0,0,0,0
410.3,,70,5579.06,2771,1601,2653,633,374895,10100303,0,8,0,0,0,0,0,0,0
412.4,,70,5579.06,2793,1567,2665,636,374895,10100303,0,8,0,0,0,0,0,0,0
414.4,,69,5579.06,2711,1686,2620,636,374897,10100303,0,8,0,0,0,0,0,0,0
416.5,,72,5571.06,2875,1441,2719,640,374897,10100303,0,8,0,0,0,0,0,0,0
418.6,,71,5571.06,2780,1537,2704,641,374897,10100303,0,8,0,0,0,0,0,0,0
420.6,,71,5571.06,2858,1499,2676,642,374897,10100303,0,8,0,0,0,0,0,0,0
